Param Counts,Max Valid Scores
4545,0.8197981739548295
9219,0.08889956751561749
