Epochs,Normal Epoch Times,PAI Epoch Times
0,0.4954080581665039,
1,1.5663518905639648,
2,1.973111867904663,
3,2.300658941268921,
4,2.6250228881835938,
