Epochs,Validation Scores,Validation Running Scores
0,58.14512253724171,
1,56.79961556943777,
0,,58.14512253724171
1,,56.79961556943777
