Epochs,Normal Epoch Times,PAI Epoch Times
0,0.44336366653442383,
1,1.6510562896728516,
