Param Counts,Max Valid Scores
4545,58.14512253724171
9219,56.79961556943777
