Epochs,learning_rate
0,0.00095
1,0.00095
2,0.00095
3,0.00095
4,0.00095
5,0.00095
6,0.00095
7,0.00095
8,0.00095
9,0.00095
10,0.00095
11,0.00095
12,0.00095
13,0.00095
14,0.00095
15,0.00095
16,0.00095
17,0.00095
