Param Counts,Max Valid Scores
4545,0.6448822681403171
9219,0.5401249399327247
14280,0.7919269581931764
19599,0.7054300816914945
25176,0.5449303219605959
31011,0.7885631907736665
37104,0.5925036040365209
