Param Counts,Max Valid Scores
4545,0.6448822681403171
9219,0.5401249399327247
