Epochs,Validation Scores,Validation Running Scores
0,0.6448822681403171,
0,,0.6448822681403171
