Epochs,Normal Epoch Times,PAI Epoch Times
0,0.4548327922821045,
1,1.5502920150756836,
