Epochs,learning_rate
0,0.00095
1,0.00095
2,0.00095
3,0.00095
4,0.00095
