Epochs,Normal Epoch Times,PAI Epoch Times
0,0.4954080581665039,
1,1.5663518905639648,
