Epochs,Validation Scores,Validation Running Scores
0,0.6448822681403171,
1,0.5401249399327247,
2,0.7919269581931764,
0,,0.6448822681403171
1,,0.5401249399327247
2,,0.7919269581931764
