Epochs,Normal Epoch Times,PAI Epoch Times
0,0.4548327922821045,
1,1.5502920150756836,
2,1.8349039554595947,
3,2.216150999069214,
4,2.817124843597412,
5,3.632909059524536,
