Epochs,Validation Scores,Validation Running Scores
0,0.8197981739548295,
0,,0.8197981739548295
